index,buy_time,sell_time,period_minutes
0,2024-12-12 02:48:00,2024-12-12 03:07:00,19.0
1,2024-12-12 04:11:00,2024-12-12 04:54:00,43.0
2,2024-12-12 06:16:00,2024-12-12 08:33:00,137.0
3,2024-12-12 12:55:00,2024-12-12 13:30:00,35.0
4,2024-12-12 14:27:00,2024-12-12 14:41:00,14.0
5,2024-12-12 14:57:00,2024-12-12 14:59:00,2.0
6,2024-12-12 15:30:00,2024-12-12 16:02:00,32.0
7,2024-12-12 16:08:00,2024-12-12 16:09:00,1.0
8,2024-12-12 16:17:00,2024-12-12 16:32:00,15.0
9,2024-12-12 16:36:00,2024-12-12 17:02:00,26.0
10,2024-12-12 17:13:00,2024-12-12 17:34:00,21.0
11,2024-12-12 19:46:00,2024-12-12 19:50:00,4.0
12,2024-12-12 20:08:00,2024-12-12 20:37:00,29.0
13,2024-12-12 20:41:00,2024-12-12 22:34:00,113.0
14,2024-12-13 01:16:00,2024-12-13 02:37:00,81.0
15,2024-12-13 03:20:00,2024-12-13 06:44:00,204.0
16,2024-12-13 07:21:00,2024-12-13 07:45:00,24.0
17,2024-12-13 09:12:00,2024-12-13 12:21:00,189.0
18,2024-12-13 14:30:00,2024-12-13 15:53:00,83.0
19,2024-12-13 16:01:00,2024-12-13 16:16:00,15.0
20,2024-12-13 16:21:00,2024-12-13 16:38:00,17.0
21,2024-12-13 16:40:00,2024-12-13 16:59:00,19.0
22,2024-12-13 17:25:00,2024-12-13 17:38:00,13.0
23,2024-12-13 18:06:00,2024-12-13 18:20:00,14.0
24,2024-12-13 22:11:00,2024-12-14 01:17:00,186.0
25,2024-12-14 01:31:00,2024-12-14 01:32:00,1.0
26,2024-12-14 01:38:00,2024-12-14 01:43:00,5.0
27,2024-12-14 02:12:00,2024-12-14 02:18:00,6.0
28,2024-12-14 03:50:00,2024-12-14 03:51:00,1.0
29,2024-12-14 04:05:00,2024-12-14 13:19:00,554.0
30,2024-12-14 18:06:00,2024-12-14 18:47:00,41.0
31,2024-12-14 21:32:00,2024-12-15 00:42:00,190.0
32,2024-12-15 04:33:00,2024-12-15 07:42:00,189.0
33,2024-12-15 12:19:00,2024-12-15 13:50:00,91.0
34,2024-12-15 14:28:00,2024-12-15 16:38:00,130.0
35,2024-12-15 17:52:00,2024-12-15 18:34:00,42.0
36,2024-12-15 23:30:00,2024-12-16 00:24:00,54.0
37,2024-12-16 00:45:00,2024-12-16 00:46:00,1.0
38,2024-12-16 01:04:00,2024-12-16 01:05:00,1.0
39,2024-12-16 01:11:00,2024-12-16 02:25:00,74.0
40,2024-12-16 02:44:00,2024-12-16 05:06:00,142.0
41,2024-12-16 10:43:00,2024-12-16 11:48:00,65.0
42,2024-12-16 12:26:00,2024-12-16 13:41:00,75.0
43,2024-12-16 14:57:00,2024-12-16 15:04:00,7.0
44,2024-12-16 15:05:00,2024-12-16 15:07:00,2.0
45,2024-12-16 15:08:00,2024-12-16 15:33:00,25.0
46,2024-12-16 16:03:00,2024-12-16 16:16:00,13.0
47,2024-12-16 16:27:00,2024-12-16 16:33:00,6.0
48,2024-12-16 16:39:00,2024-12-16 16:54:00,15.0
49,2024-12-16 17:36:00,2024-12-16 18:23:00,47.0
50,2024-12-16 18:38:00,2024-12-16 18:59:00,21.0
51,2024-12-16 19:04:00,2024-12-16 19:19:00,15.0
52,2024-12-16 19:22:00,2024-12-16 20:01:00,39.0
53,2024-12-16 20:07:00,2024-12-16 20:17:00,10.0
54,2024-12-16 20:59:00,2024-12-16 21:15:00,16.0
55,2024-12-17 00:26:00,2024-12-17 01:35:00,69.0
56,2024-12-17 07:30:00,2024-12-17 09:06:00,96.0
57,2024-12-17 13:45:00,2024-12-17 14:36:00,51.0
58,2024-12-17 14:40:00,2024-12-17 14:43:00,3.0
59,2024-12-17 14:52:00,2024-12-17 15:06:00,14.0
60,2024-12-17 15:15:00,2024-12-17 15:26:00,11.0
61,2024-12-17 15:27:00,2024-12-17 15:30:00,3.0
62,2024-12-17 15:48:00,2024-12-17 15:57:00,9.0
63,2024-12-17 16:06:00,2024-12-17 16:27:00,21.0
64,2024-12-17 16:31:00,2024-12-17 16:47:00,16.0
65,2024-12-17 17:03:00,2024-12-17 17:22:00,19.0
66,2024-12-17 18:20:00,2024-12-17 18:55:00,35.0
67,2024-12-17 19:20:00,2024-12-17 19:27:00,7.0
68,2024-12-17 19:53:00,2024-12-17 20:30:00,37.0
69,2024-12-17 21:03:00,2024-12-17 22:27:00,84.0
70,2024-12-17 22:45:00,2024-12-17 22:49:00,4.0
71,2024-12-17 23:11:00,2024-12-17 23:56:00,45.0
72,2024-12-18 00:18:00,2024-12-18 00:44:00,26.0
73,2024-12-18 01:09:00,2024-12-18 01:59:00,50.0
74,2024-12-18 02:02:00,2024-12-18 02:08:00,6.0
75,2024-12-18 03:00:00,2024-12-18 04:29:00,89.0
76,2024-12-18 04:39:00,2024-12-18 05:33:00,54.0
77,2024-12-18 05:34:00,2024-12-18 10:10:00,276.0
78,2024-12-18 11:45:00,2024-12-18 12:45:00,60.0
79,2024-12-18 14:05:00,2024-12-18 14:37:00,32.0
80,2024-12-18 14:49:00,2024-12-18 14:50:00,1.0
81,2024-12-18 14:53:00,2024-12-18 15:27:00,34.0
82,2024-12-18 15:36:00,2024-12-18 16:06:00,30.0
83,2024-12-18 16:07:00,2024-12-18 16:37:00,30.0
84,2024-12-18 16:43:00,2024-12-18 17:03:00,20.0
85,2024-12-18 18:08:00,2024-12-18 18:46:00,38.0
86,2024-12-18 19:18:00,2024-12-18 19:22:00,4.0
87,2024-12-18 19:38:00,2024-12-18 19:53:00,15.0
88,2024-12-18 20:08:00,2024-12-18 20:11:00,3.0
89,2024-12-18 20:13:00,2024-12-18 20:21:00,8.0
90,2024-12-18 20:23:00,2024-12-18 20:28:00,5.0
91,2024-12-18 20:44:00,2024-12-18 21:01:00,17.0
92,2024-12-18 21:10:00,2024-12-18 21:57:00,47.0
93,2024-12-18 22:07:00,2024-12-18 22:18:00,11.0
94,2024-12-18 22:19:00,2024-12-18 22:27:00,8.0
95,2024-12-18 22:44:00,2024-12-18 22:45:00,1.0
96,2024-12-18 22:47:00,2024-12-18 22:50:00,3.0
97,2024-12-18 23:05:00,2024-12-18 23:34:00,29.0
98,2024-12-18 23:49:00,2024-12-18 23:52:00,3.0
99,2024-12-18 23:57:00,2024-12-19 00:12:00,15.0
100,2024-12-19 00:26:00,2024-12-19 02:22:00,116.0
101,2024-12-19 02:27:00,2024-12-19 02:34:00,7.0
102,2024-12-19 02:36:00,2024-12-19 02:52:00,16.0
103,2024-12-19 05:27:00,2024-12-19 06:11:00,44.0
104,2024-12-19 06:47:00,2024-12-19 07:33:00,46.0
105,2024-12-19 09:16:00,2024-12-19 09:32:00,16.0
106,2024-12-19 11:39:00,2024-12-19 12:51:00,72.0
107,2024-12-19 13:38:00,2024-12-19 14:53:00,75.0
108,2024-12-19 14:54:00,2024-12-19 14:56:00,2.0
109,2024-12-19 15:01:00,2024-12-19 15:13:00,12.0
110,2024-12-19 15:24:00,2024-12-19 15:25:00,1.0
111,2024-12-19 15:27:00,2024-12-19 15:32:00,5.0
112,2024-12-19 15:41:00,2024-12-19 15:44:00,3.0
113,2024-12-19 15:45:00,2024-12-19 15:50:00,5.0
114,2024-12-19 15:56:00,2024-12-19 16:03:00,7.0
115,2024-12-19 16:12:00,2024-12-19 16:46:00,34.0
116,2024-12-19 17:01:00,2024-12-19 17:02:00,1.0
117,2024-12-19 17:54:00,2024-12-19 18:07:00,13.0
118,2024-12-19 18:15:00,2024-12-19 18:29:00,14.0
119,2024-12-19 18:31:00,2024-12-19 18:32:00,1.0
120,2024-12-19 18:54:00,2024-12-19 18:59:00,5.0
121,2024-12-19 19:01:00,2024-12-19 19:04:00,3.0
122,2024-12-19 19:10:00,2024-12-19 19:23:00,13.0
123,2024-12-19 19:35:00,2024-12-19 19:47:00,12.0
124,2024-12-19 19:52:00,2024-12-19 19:59:00,7.0
125,2024-12-19 20:04:00,2024-12-19 20:14:00,10.0
126,2024-12-19 20:27:00,2024-12-19 20:30:00,3.0
127,2024-12-19 20:36:00,2024-12-19 20:46:00,10.0
128,2024-12-19 20:49:00,2024-12-19 21:10:00,21.0
129,2024-12-19 21:15:00,2024-12-19 21:56:00,41.0
130,2024-12-19 22:05:00,2024-12-19 22:12:00,7.0
131,2024-12-19 22:58:00,2024-12-19 22:59:00,1.0
132,2024-12-20 00:09:00,2024-12-20 00:13:00,4.0
133,2024-12-20 00:20:00,2024-12-20 00:38:00,18.0
134,2024-12-20 01:01:00,2024-12-20 01:23:00,22.0
135,2024-12-20 01:42:00,2024-12-20 01:59:00,17.0
136,2024-12-20 02:06:00,2024-12-20 02:57:00,51.0
137,2024-12-20 03:18:00,2024-12-20 03:34:00,16.0
138,2024-12-20 03:35:00,2024-12-20 03:58:00,23.0
139,2024-12-20 05:06:00,2024-12-20 05:15:00,9.0
140,2024-12-20 05:55:00,2024-12-20 06:40:00,45.0
141,2024-12-20 06:56:00,2024-12-20 07:09:00,13.0
142,2024-12-20 07:18:00,2024-12-20 07:31:00,13.0
143,2024-12-20 07:53:00,2024-12-20 08:42:00,49.0
144,2024-12-20 08:43:00,2024-12-20 08:55:00,12.0
145,2024-12-20 10:14:00,2024-12-20 10:20:00,6.0
146,2024-12-20 10:35:00,2024-12-20 10:40:00,5.0
147,2024-12-20 10:41:00,2024-12-20 10:56:00,15.0
148,2024-12-20 10:58:00,2024-12-20 11:15:00,17.0
149,2024-12-20 11:35:00,2024-12-20 11:37:00,2.0
150,2024-12-20 11:40:00,2024-12-20 11:49:00,9.0
151,2024-12-20 11:51:00,2024-12-20 11:55:00,4.0
152,2024-12-20 12:01:00,2024-12-20 12:02:00,1.0
153,2024-12-20 12:16:00,2024-12-20 12:23:00,7.0
154,2024-12-20 12:40:00,2024-12-20 12:42:00,2.0
155,2024-12-20 13:21:00,2024-12-20 13:27:00,6.0
156,2024-12-20 13:37:00,2024-12-20 13:40:00,3.0
157,2024-12-20 13:50:00,2024-12-20 13:51:00,1.0
158,2024-12-20 14:09:00,2024-12-20 14:14:00,5.0
159,2024-12-20 14:23:00,2024-12-20 14:28:00,5.0
160,2024-12-20 14:29:00,2024-12-20 14:31:00,2.0
161,2024-12-20 14:50:00,2024-12-20 15:01:00,11.0
162,2024-12-20 15:03:00,2024-12-20 15:27:00,24.0
163,2024-12-20 15:35:00,2024-12-20 15:36:00,1.0
164,2024-12-20 15:54:00,2024-12-20 16:05:00,11.0
165,2024-12-20 16:31:00,2024-12-20 16:58:00,27.0
166,2024-12-20 20:02:00,2024-12-20 20:25:00,23.0
167,2024-12-20 20:59:00,2024-12-20 22:02:00,63.0
168,2024-12-20 23:06:00,2024-12-20 23:16:00,10.0
169,2024-12-20 23:35:00,2024-12-21 00:33:00,58.0
170,2024-12-21 01:20:00,2024-12-21 01:36:00,16.0
171,2024-12-21 07:59:00,2024-12-21 08:01:00,2.0
172,2024-12-21 08:04:00,2024-12-21 08:30:00,26.0
173,2024-12-21 09:19:00,2024-12-21 11:32:00,133.0
174,2024-12-21 12:42:00,2024-12-21 12:45:00,3.0
175,2024-12-21 13:50:00,2024-12-21 13:52:00,2.0
176,2024-12-21 13:59:00,2024-12-21 14:07:00,8.0
177,2024-12-21 14:33:00,2024-12-21 16:17:00,104.0
178,2024-12-21 17:01:00,2024-12-21 17:04:00,3.0
179,2024-12-21 17:23:00,2024-12-21 17:47:00,24.0
180,2024-12-21 18:07:00,2024-12-21 20:49:00,162.0
181,2024-12-21 21:13:00,2024-12-21 21:58:00,45.0
182,2024-12-21 21:59:00,2024-12-21 22:18:00,19.0
183,2024-12-21 23:15:00,2024-12-21 23:17:00,2.0
184,2024-12-21 23:18:00,2024-12-22 00:07:00,49.0
185,2024-12-22 00:21:00,2024-12-22 00:38:00,17.0
186,2024-12-22 01:00:00,2024-12-22 01:06:00,6.0
187,2024-12-22 01:24:00,2024-12-22 01:55:00,31.0
188,2024-12-22 02:05:00,2024-12-22 02:51:00,46.0
189,2024-12-22 03:01:00,2024-12-22 05:12:00,131.0
190,2024-12-22 05:13:00,2024-12-22 05:24:00,11.0
191,2024-12-22 06:15:00,2024-12-22 06:45:00,30.0
192,2024-12-22 10:40:00,2024-12-22 14:31:00,231.0
193,2024-12-22 14:59:00,2024-12-22 15:07:00,8.0
194,2024-12-22 15:08:00,2024-12-22 15:15:00,7.0
195,2024-12-22 16:25:00,2024-12-22 16:58:00,33.0
196,2024-12-22 17:01:00,2024-12-22 18:04:00,63.0
197,2024-12-22 18:12:00,2024-12-22 18:16:00,4.0
198,2024-12-22 18:31:00,2024-12-22 18:33:00,2.0
199,2024-12-22 19:32:00,2024-12-22 19:59:00,27.0
200,2024-12-22 20:09:00,2024-12-22 20:28:00,19.0
201,2024-12-22 20:38:00,2024-12-22 20:52:00,14.0
202,2024-12-22 21:00:00,2024-12-22 22:12:00,72.0
203,2024-12-22 22:20:00,2024-12-22 22:36:00,16.0
204,2024-12-22 23:00:00,2024-12-23 00:13:00,73.0
205,2024-12-23 00:18:00,2024-12-23 00:40:00,22.0
206,2024-12-23 01:08:00,2024-12-23 01:21:00,13.0
207,2024-12-23 01:26:00,2024-12-23 01:47:00,21.0
208,2024-12-23 01:49:00,2024-12-23 02:13:00,24.0
209,2024-12-23 02:25:00,2024-12-23 02:31:00,6.0
210,2024-12-23 02:34:00,2024-12-23 03:22:00,48.0
211,2024-12-23 03:24:00,2024-12-23 03:25:00,1.0
212,2024-12-23 04:02:00,2024-12-23 04:06:00,4.0
213,2024-12-23 05:27:00,2024-12-23 05:30:00,3.0
214,2024-12-23 06:45:00,2024-12-23 07:07:00,22.0
215,2024-12-23 08:06:00,2024-12-23 08:08:00,2.0
216,2024-12-23 09:16:00,2024-12-23 10:25:00,69.0
217,2024-12-23 11:07:00,2024-12-23 13:45:00,158.0
218,2024-12-23 14:03:00,2024-12-23 14:05:00,2.0
219,2024-12-23 14:31:00,2024-12-23 14:57:00,26.0
220,2024-12-23 15:02:00,2024-12-23 15:03:00,1.0
221,2024-12-23 15:10:00,2024-12-23 15:15:00,5.0
222,2024-12-23 15:26:00,2024-12-23 15:29:00,3.0
223,2024-12-23 15:36:00,2024-12-23 15:38:00,2.0
224,2024-12-23 15:42:00,2024-12-23 15:55:00,13.0
225,2024-12-23 15:58:00,2024-12-23 16:15:00,17.0
226,2024-12-23 16:33:00,2024-12-23 16:48:00,15.0
227,2024-12-23 16:49:00,2024-12-23 16:51:00,2.0
228,2024-12-23 16:58:00,2024-12-23 17:32:00,34.0
229,2024-12-23 17:36:00,2024-12-23 17:49:00,13.0
230,2024-12-23 18:03:00,2024-12-23 18:37:00,34.0
231,2024-12-23 19:18:00,2024-12-23 19:40:00,22.0
232,2024-12-23 20:17:00,2024-12-23 20:48:00,31.0
233,2024-12-23 20:59:00,2024-12-23 21:12:00,13.0
234,2024-12-23 21:33:00,2024-12-23 21:35:00,2.0
235,2024-12-23 21:36:00,2024-12-23 21:50:00,14.0
236,2024-12-23 22:35:00,2024-12-23 23:05:00,30.0
237,2024-12-23 23:06:00,2024-12-23 23:08:00,2.0
238,2024-12-23 23:39:00,2024-12-24 00:17:00,38.0
239,2024-12-24 00:50:00,2024-12-24 00:51:00,1.0
240,2024-12-24 02:12:00,2024-12-24 03:32:00,80.0
241,2024-12-24 04:34:00,2024-12-24 04:56:00,22.0
242,2024-12-24 05:02:00,2024-12-24 09:23:00,261.0
243,2024-12-24 10:27:00,2024-12-24 10:30:00,3.0
244,2024-12-24 13:35:00,2024-12-24 13:54:00,19.0
245,2024-12-24 14:04:00,2024-12-24 14:22:00,18.0
246,2024-12-24 14:30:00,2024-12-24 14:32:00,2.0
247,2024-12-24 14:39:00,2024-12-24 14:52:00,13.0
248,2024-12-24 15:00:00,2024-12-24 15:06:00,6.0
249,2024-12-24 15:19:00,2024-12-24 15:55:00,36.0
250,2024-12-24 16:07:00,2024-12-24 16:14:00,7.0
251,2024-12-24 16:43:00,2024-12-24 17:17:00,34.0
252,2024-12-24 17:20:00,2024-12-24 17:37:00,17.0
253,2024-12-24 17:38:00,2024-12-24 17:43:00,5.0
254,2024-12-24 17:52:00,2024-12-24 19:44:00,112.0
255,2024-12-24 20:02:00,2024-12-24 20:09:00,7.0
256,2024-12-24 20:11:00,2024-12-24 22:18:00,127.0
257,2024-12-24 22:22:00,2024-12-24 22:34:00,12.0
258,2024-12-24 23:12:00,2024-12-25 01:06:00,114.0
259,2024-12-25 01:20:00,2024-12-25 02:15:00,55.0
260,2024-12-25 03:16:00,2024-12-25 09:00:00,344.0
261,2024-12-25 10:27:00,2024-12-25 10:30:00,3.0
262,2024-12-25 10:54:00,2024-12-25 10:59:00,5.0
263,2024-12-25 11:02:00,2024-12-25 11:03:00,1.0
264,2024-12-25 11:46:00,2024-12-25 11:54:00,8.0
265,2024-12-25 12:01:00,2024-12-25 12:27:00,26.0
266,2024-12-25 12:40:00,2024-12-25 12:44:00,4.0
267,2024-12-25 12:47:00,2024-12-25 13:46:00,59.0
268,2024-12-25 14:26:00,2024-12-25 16:07:00,101.0
269,2024-12-25 16:33:00,2024-12-25 16:46:00,13.0
270,2024-12-25 18:43:00,2024-12-25 20:03:00,80.0
271,2024-12-25 21:05:00,2024-12-25 21:08:00,3.0
272,2024-12-25 22:10:00,2024-12-25 22:39:00,29.0
273,2024-12-25 22:43:00,2024-12-25 23:00:00,17.0
274,2024-12-25 23:58:00,2024-12-26 00:33:00,35.0
275,2024-12-26 01:01:00,2024-12-26 01:02:00,1.0
276,2024-12-26 01:06:00,2024-12-26 01:46:00,40.0
277,2024-12-26 02:01:00,2024-12-26 02:16:00,15.0
278,2024-12-26 03:03:00,2024-12-26 03:06:00,3.0
279,2024-12-26 03:15:00,2024-12-26 03:49:00,34.0
280,2024-12-26 04:06:00,2024-12-26 05:06:00,60.0
281,2024-12-26 06:01:00,2024-12-26 08:11:00,130.0
282,2024-12-26 08:45:00,2024-12-26 10:18:00,93.0
283,2024-12-26 10:20:00,2024-12-26 10:21:00,1.0
284,2024-12-26 10:53:00,2024-12-26 12:12:00,79.0
285,2024-12-26 14:39:00,2024-12-26 14:41:00,2.0
286,2024-12-26 14:53:00,2024-12-26 15:07:00,14.0
287,2024-12-26 15:35:00,2024-12-26 16:04:00,29.0
288,2024-12-26 16:06:00,2024-12-26 16:12:00,6.0
289,2024-12-26 16:38:00,2024-12-26 16:48:00,10.0
290,2024-12-26 17:20:00,2024-12-26 17:45:00,25.0
291,2024-12-26 17:47:00,2024-12-26 18:02:00,15.0
292,2024-12-26 18:05:00,2024-12-26 18:21:00,16.0
293,2024-12-26 18:34:00,2024-12-26 19:20:00,46.0
294,2024-12-26 20:01:00,2024-12-26 20:19:00,18.0
295,2024-12-26 20:59:00,2024-12-26 21:01:00,2.0
296,2024-12-26 21:32:00,2024-12-26 22:19:00,47.0
297,2024-12-27 01:21:00,2024-12-27 01:23:00,2.0
298,2024-12-27 01:52:00,2024-12-27 02:04:00,12.0
299,2024-12-27 02:36:00,2024-12-27 03:07:00,31.0
300,2024-12-27 05:13:00,2024-12-27 05:22:00,9.0
301,2024-12-27 07:34:00,2024-12-27 08:02:00,28.0
302,2024-12-27 08:56:00,2024-12-27 09:06:00,10.0
303,2024-12-27 09:10:00,2024-12-27 09:12:00,2.0
304,2024-12-27 09:19:00,2024-12-27 09:31:00,12.0
305,2024-12-27 09:35:00,2024-12-27 10:00:00,25.0
306,2024-12-27 10:32:00,2024-12-27 11:12:00,40.0
307,2024-12-27 11:20:00,2024-12-27 11:23:00,3.0
308,2024-12-27 11:31:00,2024-12-27 11:32:00,1.0
309,2024-12-27 12:01:00,2024-12-27 12:21:00,20.0
310,2024-12-27 13:12:00,2024-12-27 13:26:00,14.0
311,2024-12-27 13:37:00,2024-12-27 13:39:00,2.0
312,2024-12-27 13:41:00,2024-12-27 13:49:00,8.0
313,2024-12-27 13:58:00,2024-12-27 14:07:00,9.0
314,2024-12-27 14:49:00,2024-12-27 14:56:00,7.0
315,2024-12-27 14:57:00,2024-12-27 15:09:00,12.0
316,2024-12-27 15:19:00,2024-12-27 15:41:00,22.0
317,2024-12-27 15:46:00,2024-12-27 16:00:00,14.0
318,2024-12-27 16:09:00,2024-12-27 16:12:00,3.0
319,2024-12-27 16:20:00,2024-12-27 16:25:00,5.0
320,2024-12-27 17:08:00,2024-12-27 17:27:00,19.0
321,2024-12-27 17:55:00,2024-12-27 18:04:00,9.0
322,2024-12-27 18:07:00,2024-12-27 18:09:00,2.0
323,2024-12-27 18:26:00,2024-12-27 18:27:00,1.0
324,2024-12-27 18:39:00,2024-12-27 18:55:00,16.0
325,2024-12-27 19:23:00,2024-12-27 19:48:00,25.0
326,2024-12-27 20:13:00,2024-12-27 20:18:00,5.0
327,2024-12-27 21:05:00,2024-12-27 21:56:00,51.0
328,2024-12-28 00:10:00,2024-12-28 01:26:00,76.0
329,2024-12-28 14:34:00,2024-12-28 15:06:00,32.0
330,2024-12-28 17:53:00,2024-12-28 19:18:00,85.0
331,2024-12-28 23:37:00,2024-12-29 03:28:00,231.0
332,2024-12-29 14:32:00,2024-12-29 14:34:00,2.0
333,2024-12-29 16:06:00,2024-12-29 16:43:00,37.0
334,2024-12-29 17:17:00,2024-12-29 17:32:00,15.0
335,2024-12-29 18:17:00,2024-12-29 18:47:00,30.0
336,2024-12-29 20:08:00,2024-12-29 20:46:00,38.0
337,2024-12-29 21:46:00,2024-12-29 22:33:00,47.0
338,2024-12-30 00:10:00,2024-12-30 00:17:00,7.0
339,2024-12-30 01:13:00,2024-12-30 01:26:00,13.0
340,2024-12-30 01:46:00,2024-12-30 02:22:00,36.0
341,2024-12-30 07:27:00,2024-12-30 09:03:00,96.0
342,2024-12-30 13:13:00,2024-12-30 13:23:00,10.0
343,2024-12-30 13:39:00,2024-12-30 13:53:00,14.0
344,2024-12-30 14:23:00,2024-12-30 14:41:00,18.0
345,2024-12-30 14:59:00,2024-12-30 15:01:00,2.0
346,2024-12-30 15:03:00,2024-12-30 15:12:00,9.0
347,2024-12-30 15:27:00,2024-12-30 15:30:00,3.0
348,2024-12-30 15:36:00,2024-12-30 15:40:00,4.0
349,2024-12-30 15:50:00,2024-12-30 16:02:00,12.0
350,2024-12-30 17:06:00,2024-12-30 17:10:00,4.0
351,2024-12-30 17:24:00,2024-12-30 17:47:00,23.0
352,2024-12-30 17:57:00,2024-12-30 18:01:00,4.0
353,2024-12-30 18:02:00,2024-12-30 18:13:00,11.0
354,2024-12-30 18:42:00,2024-12-30 19:27:00,45.0
355,2024-12-30 20:07:00,2024-12-30 20:19:00,12.0
356,2024-12-30 20:22:00,2024-12-30 21:33:00,71.0
357,2024-12-30 21:40:00,2024-12-30 21:43:00,3.0
358,2024-12-30 21:45:00,2024-12-30 21:47:00,2.0
359,2024-12-30 21:54:00,2024-12-30 22:10:00,16.0
360,2024-12-30 22:45:00,2024-12-30 23:11:00,26.0
361,2024-12-30 23:42:00,2024-12-31 00:07:00,25.0
362,2024-12-31 00:08:00,2024-12-31 00:45:00,37.0
363,2024-12-31 08:47:00,2024-12-31 08:55:00,8.0
364,2024-12-31 09:46:00,2024-12-31 12:27:00,161.0
365,2024-12-31 12:35:00,2024-12-31 13:28:00,53.0
366,2024-12-31 14:31:00,2024-12-31 14:33:00,2.0
367,2024-12-31 14:50:00,2024-12-31 15:13:00,23.0
368,2024-12-31 15:17:00,2024-12-31 15:26:00,9.0
369,2024-12-31 15:33:00,2024-12-31 15:39:00,6.0
370,2024-12-31 16:00:00,2024-12-31 16:36:00,36.0
371,2024-12-31 16:41:00,2024-12-31 17:10:00,29.0
372,2024-12-31 17:28:00,2024-12-31 17:58:00,30.0
373,2024-12-31 18:27:00,2024-12-31 19:45:00,78.0
374,2024-12-31 20:56:00,2024-12-31 21:22:00,26.0
375,2024-12-31 21:27:00,2024-12-31 21:33:00,6.0
376,2025-01-01 01:05:00,2025-01-01 12:28:00,683.0
377,2025-01-01 14:11:00,2025-01-01 14:36:00,25.0
378,2025-01-01 17:18:00,2025-01-01 18:57:00,99.0
379,2025-01-01 19:56:00,2025-01-01 21:23:00,87.0
380,2025-01-02 00:30:00,2025-01-02 01:01:00,31.0
381,2025-01-02 01:32:00,2025-01-02 01:39:00,7.0
382,2025-01-02 03:02:00,2025-01-02 04:00:00,58.0
383,2025-01-02 10:13:00,2025-01-02 12:12:00,119.0
384,2025-01-02 13:17:00,2025-01-02 13:32:00,15.0
385,2025-01-02 13:47:00,2025-01-02 14:09:00,22.0
386,2025-01-02 14:39:00,2025-01-02 14:42:00,3.0
387,2025-01-02 14:50:00,2025-01-02 14:54:00,4.0
388,2025-01-02 14:56:00,2025-01-02 15:08:00,12.0
389,2025-01-02 15:22:00,2025-01-02 15:29:00,7.0
390,2025-01-02 15:31:00,2025-01-02 16:49:00,78.0
391,2025-01-02 16:54:00,2025-01-02 17:01:00,7.0
392,2025-01-02 17:23:00,2025-01-02 17:43:00,20.0
393,2025-01-02 18:31:00,2025-01-02 19:06:00,35.0
394,2025-01-02 19:35:00,2025-01-02 19:42:00,7.0
395,2025-01-02 19:46:00,2025-01-02 19:48:00,2.0
396,2025-01-02 19:53:00,2025-01-02 20:04:00,11.0
397,2025-01-02 20:54:00,2025-01-03 00:22:00,208.0
398,2025-01-03 06:22:00,2025-01-03 13:22:00,420.0
399,2025-01-03 14:30:00,2025-01-03 14:39:00,9.0
400,2025-01-03 14:51:00,2025-01-03 14:58:00,7.0
401,2025-01-03 15:01:00,2025-01-03 15:05:00,4.0
402,2025-01-03 15:44:00,2025-01-03 15:45:00,1.0
403,2025-01-03 16:02:00,2025-01-03 16:30:00,28.0
404,2025-01-03 16:54:00,2025-01-03 19:00:00,126.0
405,2025-01-03 20:11:00,2025-01-03 21:52:00,101.0
406,2025-01-04 09:08:00,2025-01-04 09:16:00,8.0
407,2025-01-04 15:48:00,2025-01-04 20:00:00,252.0
408,2025-01-06 00:16:00,2025-01-06 00:39:00,23.0
409,2025-01-06 02:15:00,2025-01-06 02:19:00,4.0
410,2025-01-06 02:41:00,2025-01-06 04:00:00,79.0
411,2025-01-06 07:04:00,2025-01-06 08:10:00,66.0
412,2025-01-06 10:09:00,2025-01-06 10:10:00,1.0
413,2025-01-06 14:06:00,2025-01-06 14:27:00,21.0
414,2025-01-06 15:00:00,2025-01-06 15:30:00,30.0
415,2025-01-06 15:39:00,2025-01-06 15:45:00,6.0
416,2025-01-06 15:47:00,2025-01-06 16:51:00,64.0
417,2025-01-06 18:45:00,2025-01-07 00:35:00,350.0
418,2025-01-07 11:34:00,2025-01-07 11:52:00,18.0
419,2025-01-07 14:30:00,2025-01-07 14:43:00,13.0
420,2025-01-07 14:53:00,2025-01-07 15:19:00,26.0
421,2025-01-07 15:39:00,2025-01-07 15:46:00,7.0
422,2025-01-07 16:00:00,2025-01-07 16:01:00,1.0
423,2025-01-07 16:11:00,2025-01-07 17:12:00,61.0
424,2025-01-07 18:21:00,2025-01-07 18:44:00,23.0
425,2025-01-07 18:56:00,2025-01-07 19:33:00,37.0
426,2025-01-07 19:51:00,2025-01-07 21:10:00,79.0
427,2025-01-07 21:46:00,2025-01-07 22:58:00,72.0
428,2025-01-07 23:07:00,2025-01-08 01:07:00,120.0
429,2025-01-08 02:28:00,2025-01-08 03:13:00,45.0
430,2025-01-08 04:25:00,2025-01-08 04:29:00,4.0
431,2025-01-08 04:47:00,2025-01-08 05:02:00,15.0
432,2025-01-08 06:18:00,2025-01-08 07:00:00,42.0
433,2025-01-08 07:17:00,2025-01-08 08:11:00,54.0
434,2025-01-08 11:13:00,2025-01-08 12:08:00,55.0
435,2025-01-08 12:41:00,2025-01-08 13:04:00,23.0
436,2025-01-08 13:34:00,2025-01-08 14:05:00,31.0
437,2025-01-08 14:12:00,2025-01-08 14:27:00,15.0
438,2025-01-08 14:39:00,2025-01-08 14:44:00,5.0
439,2025-01-08 14:46:00,2025-01-08 14:50:00,4.0
440,2025-01-08 14:52:00,2025-01-08 15:06:00,14.0
441,2025-01-08 15:22:00,2025-01-08 15:26:00,4.0
442,2025-01-08 15:40:00,2025-01-08 15:52:00,12.0
443,2025-01-08 16:06:00,2025-01-08 16:20:00,14.0
444,2025-01-08 16:43:00,2025-01-08 17:18:00,35.0
445,2025-01-08 17:47:00,2025-01-08 18:06:00,19.0
446,2025-01-08 18:34:00,2025-01-08 18:38:00,4.0
447,2025-01-08 18:43:00,2025-01-08 19:13:00,30.0
448,2025-01-08 19:14:00,2025-01-08 19:20:00,6.0
449,2025-01-08 21:10:00,2025-01-08 22:10:00,60.0
450,2025-01-08 22:46:00,2025-01-08 22:47:00,1.0
451,2025-01-08 23:00:00,2025-01-09 02:16:00,196.0
452,2025-01-09 02:25:00,2025-01-09 05:07:00,162.0
453,2025-01-09 05:11:00,2025-01-09 08:17:00,186.0
454,2025-01-09 08:30:00,2025-01-09 09:18:00,48.0
455,2025-01-09 11:42:00,2025-01-09 11:50:00,8.0
456,2025-01-09 13:22:00,2025-01-09 13:25:00,3.0
457,2025-01-09 13:58:00,2025-01-09 14:19:00,21.0
458,2025-01-09 14:42:00,2025-01-09 15:03:00,21.0
459,2025-01-09 15:35:00,2025-01-09 15:54:00,19.0
460,2025-01-09 16:17:00,2025-01-09 16:33:00,16.0
461,2025-01-09 17:02:00,2025-01-09 17:05:00,3.0
462,2025-01-09 17:18:00,2025-01-09 17:19:00,1.0
463,2025-01-09 17:52:00,2025-01-09 18:09:00,17.0
464,2025-01-09 18:20:00,2025-01-09 19:27:00,67.0
465,2025-01-09 19:37:00,2025-01-09 19:56:00,19.0
466,2025-01-09 19:59:00,2025-01-09 20:15:00,16.0
467,2025-01-09 20:22:00,2025-01-09 20:33:00,11.0
468,2025-01-09 21:12:00,2025-01-09 21:18:00,6.0
469,2025-01-09 21:25:00,2025-01-09 22:38:00,73.0
470,2025-01-09 22:42:00,2025-01-09 22:44:00,2.0
471,2025-01-09 22:49:00,2025-01-09 23:08:00,19.0
472,2025-01-10 00:13:00,2025-01-10 00:20:00,7.0
473,2025-01-10 00:33:00,2025-01-10 02:22:00,109.0
474,2025-01-10 07:56:00,2025-01-10 09:17:00,81.0
475,2025-01-10 13:03:00,2025-01-10 14:15:00,72.0
476,2025-01-10 14:23:00,2025-01-10 14:28:00,5.0
477,2025-01-10 14:31:00,2025-01-10 14:34:00,3.0
478,2025-01-10 14:37:00,2025-01-10 14:45:00,8.0
479,2025-01-10 14:49:00,2025-01-10 14:50:00,1.0
480,2025-01-10 14:54:00,2025-01-10 14:58:00,4.0
481,2025-01-10 15:02:00,2025-01-10 15:29:00,27.0
482,2025-01-10 16:01:00,2025-01-10 16:02:00,1.0
483,2025-01-10 16:27:00,2025-01-10 16:35:00,8.0
484,2025-01-10 16:39:00,2025-01-10 16:52:00,13.0
485,2025-01-10 16:56:00,2025-01-10 17:11:00,15.0
486,2025-01-10 17:45:00,2025-01-10 18:02:00,17.0
487,2025-01-10 18:04:00,2025-01-10 18:08:00,4.0
488,2025-01-10 18:21:00,2025-01-10 18:29:00,8.0
489,2025-01-10 18:30:00,2025-01-10 18:35:00,5.0
490,2025-01-10 18:38:00,2025-01-10 18:39:00,1.0
491,2025-01-10 18:52:00,2025-01-10 19:02:00,10.0
492,2025-01-10 19:42:00,2025-01-10 19:50:00,8.0
493,2025-01-10 20:00:00,2025-01-10 20:10:00,10.0
494,2025-01-10 20:16:00,2025-01-10 20:38:00,22.0
495,2025-01-10 20:41:00,2025-01-10 20:43:00,2.0
496,2025-01-10 22:09:00,2025-01-11 02:55:00,286.0
497,2025-01-11 03:22:00,2025-01-11 16:37:00,795.0
498,2025-01-12 09:48:00,2025-01-12 13:32:00,224.0
499,2025-01-12 19:26:00,2025-01-12 22:14:00,168.0
500,2025-01-12 22:40:00,2025-01-13 00:36:00,116.0
501,2025-01-13 00:38:00,2025-01-13 00:50:00,12.0
502,2025-01-13 00:55:00,2025-01-13 01:45:00,50.0
503,2025-01-13 01:49:00,2025-01-13 04:25:00,156.0
504,2025-01-13 05:06:00,2025-01-13 05:07:00,1.0
505,2025-01-13 05:47:00,2025-01-13 06:52:00,65.0
506,2025-01-13 08:23:00,2025-01-13 08:31:00,8.0
507,2025-01-13 09:14:00,2025-01-13 09:53:00,39.0
508,2025-01-13 11:00:00,2025-01-13 11:18:00,18.0
509,2025-01-13 11:33:00,2025-01-13 11:35:00,2.0
510,2025-01-13 11:42:00,2025-01-13 12:20:00,38.0
511,2025-01-13 12:55:00,2025-01-13 12:57:00,2.0
512,2025-01-13 13:16:00,2025-01-13 13:26:00,10.0
513,2025-01-13 13:30:00,2025-01-13 13:32:00,2.0
514,2025-01-13 13:40:00,2025-01-13 13:41:00,1.0
515,2025-01-13 13:43:00,2025-01-13 13:50:00,7.0
516,2025-01-13 13:52:00,2025-01-13 14:06:00,14.0
517,2025-01-13 14:21:00,2025-01-13 14:43:00,22.0
518,2025-01-13 14:46:00,2025-01-13 14:48:00,2.0
519,2025-01-13 14:50:00,2025-01-13 14:56:00,6.0
520,2025-01-13 15:03:00,2025-01-13 15:18:00,15.0
521,2025-01-13 15:36:00,2025-01-13 15:39:00,3.0
522,2025-01-13 15:47:00,2025-01-13 16:03:00,16.0
523,2025-01-13 16:58:00,2025-01-13 17:02:00,4.0
524,2025-01-13 17:13:00,2025-01-13 18:25:00,72.0
525,2025-01-13 18:43:00,2025-01-13 18:49:00,6.0
526,2025-01-13 18:54:00,2025-01-13 19:01:00,7.0
527,2025-01-13 19:02:00,2025-01-13 19:07:00,5.0
528,2025-01-13 19:17:00,2025-01-13 19:32:00,15.0
529,2025-01-13 19:43:00,2025-01-13 20:02:00,19.0
530,2025-01-13 20:06:00,2025-01-13 20:08:00,2.0
531,2025-01-13 20:23:00,2025-01-13 20:45:00,22.0
532,2025-01-13 20:53:00,2025-01-13 20:55:00,2.0
533,2025-01-13 20:56:00,2025-01-13 21:01:00,5.0
534,2025-01-13 21:04:00,2025-01-13 21:05:00,1.0
535,2025-01-13 21:13:00,2025-01-13 21:20:00,7.0
536,2025-01-13 21:47:00,2025-01-13 21:52:00,5.0
537,2025-01-13 22:15:00,2025-01-13 22:16:00,1.0
538,2025-01-13 22:36:00,2025-01-13 22:59:00,23.0
539,2025-01-13 23:01:00,2025-01-13 23:56:00,55.0
540,2025-01-14 00:44:00,2025-01-14 01:02:00,18.0
541,2025-01-14 01:33:00,2025-01-14 01:50:00,17.0
542,2025-01-14 03:26:00,2025-01-14 08:17:00,291.0
543,2025-01-14 11:00:00,2025-01-14 11:44:00,44.0
544,2025-01-14 12:24:00,2025-01-14 12:40:00,16.0
545,2025-01-14 13:09:00,2025-01-14 13:31:00,22.0
546,2025-01-14 13:35:00,2025-01-14 13:41:00,6.0
547,2025-01-14 13:44:00,2025-01-14 13:47:00,3.0
548,2025-01-14 13:52:00,2025-01-14 14:06:00,14.0
549,2025-01-14 14:32:00,2025-01-14 14:51:00,19.0
550,2025-01-14 15:10:00,2025-01-14 15:16:00,6.0
551,2025-01-14 15:39:00,2025-01-14 15:44:00,5.0
552,2025-01-14 15:46:00,2025-01-14 15:54:00,8.0
553,2025-01-14 16:29:00,2025-01-14 16:46:00,17.0
554,2025-01-14 16:54:00,2025-01-14 16:55:00,1.0
555,2025-01-14 17:00:00,2025-01-14 17:07:00,7.0
556,2025-01-14 17:22:00,2025-01-14 17:28:00,6.0
557,2025-01-14 18:41:00,2025-01-14 19:18:00,37.0
558,2025-01-14 20:39:00,2025-01-14 20:59:00,20.0
559,2025-01-14 21:10:00,2025-01-14 22:09:00,59.0
560,2025-01-15 01:15:00,2025-01-15 01:33:00,18.0
561,2025-01-15 01:50:00,2025-01-15 01:55:00,5.0
562,2025-01-15 02:00:00,2025-01-15 13:33:00,693.0
563,2025-01-15 14:03:00,2025-01-15 14:20:00,17.0
564,2025-01-15 15:33:00,2025-01-15 15:38:00,5.0
565,2025-01-15 15:51:00,2025-01-15 16:49:00,58.0
566,2025-01-15 16:56:00,2025-01-15 19:57:00,181.0
567,2025-01-15 20:04:00,2025-01-15 20:12:00,8.0
568,2025-01-15 20:30:00,2025-01-15 21:51:00,81.0
569,2025-01-15 23:33:00,2025-01-16 00:01:00,28.0
570,2025-01-16 00:03:00,2025-01-16 00:05:00,2.0
571,2025-01-16 00:08:00,2025-01-16 00:44:00,36.0
572,2025-01-16 00:52:00,2025-01-16 01:05:00,13.0
573,2025-01-16 01:12:00,2025-01-16 01:34:00,22.0
574,2025-01-16 02:25:00,2025-01-16 06:31:00,246.0
575,2025-01-16 11:17:00,2025-01-16 11:21:00,4.0
576,2025-01-16 12:49:00,2025-01-16 13:24:00,35.0
577,2025-01-16 13:29:00,2025-01-16 13:38:00,9.0
578,2025-01-16 14:37:00,2025-01-16 14:57:00,20.0
579,2025-01-16 15:08:00,2025-01-16 15:24:00,16.0
580,2025-01-16 15:31:00,2025-01-16 15:38:00,7.0
581,2025-01-16 16:20:00,2025-01-16 16:23:00,3.0
582,2025-01-16 16:32:00,2025-01-16 16:33:00,1.0
583,2025-01-16 16:35:00,2025-01-16 16:37:00,2.0
584,2025-01-16 17:00:00,2025-01-16 17:04:00,4.0
585,2025-01-16 17:15:00,2025-01-16 17:56:00,41.0
586,2025-01-16 18:38:00,2025-01-16 18:46:00,8.0
587,2025-01-16 20:14:00,2025-01-16 20:21:00,7.0
588,2025-01-16 21:01:00,2025-01-17 01:05:00,244.0
589,2025-01-17 01:07:00,2025-01-17 01:20:00,13.0
590,2025-01-17 05:43:00,2025-01-17 07:11:00,88.0
591,2025-01-17 08:40:00,2025-01-17 08:55:00,15.0
592,2025-01-17 09:02:00,2025-01-17 11:17:00,135.0
593,2025-01-17 13:23:00,2025-01-17 14:02:00,39.0
594,2025-01-17 14:30:00,2025-01-17 14:36:00,6.0
595,2025-01-17 15:32:00,2025-01-17 16:39:00,67.0
596,2025-01-17 17:06:00,2025-01-17 17:54:00,48.0
597,2025-01-17 18:07:00,2025-01-17 18:48:00,41.0
598,2025-01-17 19:33:00,2025-01-17 19:43:00,10.0
599,2025-01-17 20:00:00,2025-01-17 20:19:00,19.0
600,2025-01-17 20:57:00,2025-01-17 21:05:00,8.0
601,2025-01-17 21:33:00,2025-01-17 21:43:00,10.0
602,2025-01-17 21:44:00,2025-01-18 04:21:00,397.0
603,2025-01-18 04:25:00,2025-01-18 06:06:00,101.0
604,2025-01-18 06:11:00,2025-01-18 07:26:00,75.0
605,2025-01-18 07:33:00,2025-01-18 07:38:00,5.0
606,2025-01-18 08:05:00,2025-01-18 08:35:00,30.0
607,2025-01-18 08:36:00,2025-01-18 08:48:00,12.0
608,2025-01-18 09:39:00,2025-01-18 10:25:00,46.0
609,2025-01-18 13:09:00,2025-01-18 13:32:00,23.0
610,2025-01-18 14:02:00,2025-01-18 14:10:00,8.0
611,2025-01-18 14:39:00,2025-01-18 14:49:00,10.0
612,2025-01-18 15:59:00,2025-01-18 16:23:00,24.0
613,2025-01-18 16:29:00,2025-01-18 16:45:00,16.0
614,2025-01-18 16:52:00,2025-01-18 16:55:00,3.0
615,2025-01-18 17:25:00,2025-01-18 17:33:00,8.0
616,2025-01-18 18:55:00,2025-01-18 19:00:00,5.0
617,2025-01-18 20:37:00,2025-01-18 23:16:00,159.0
618,2025-01-18 23:24:00,2025-01-19 01:38:00,134.0
619,2025-01-19 02:39:00,2025-01-19 03:30:00,51.0
620,2025-01-19 04:18:00,2025-01-19 04:52:00,34.0
621,2025-01-19 05:05:00,2025-01-19 08:54:00,229.0
622,2025-01-19 09:08:00,2025-01-19 09:22:00,14.0
623,2025-01-19 09:41:00,2025-01-19 09:53:00,12.0
624,2025-01-19 10:09:00,2025-01-19 11:00:00,51.0
625,2025-01-19 11:39:00,2025-01-19 11:43:00,4.0
626,2025-01-19 12:08:00,2025-01-19 13:12:00,64.0
627,2025-01-19 13:30:00,2025-01-19 14:01:00,31.0
628,2025-01-19 14:31:00,2025-01-19 15:07:00,36.0
629,2025-01-19 15:48:00,2025-01-19 19:59:00,251.0
630,2025-01-19 20:07:00,2025-01-19 20:18:00,11.0
631,2025-01-19 21:04:00,2025-01-19 21:30:00,26.0
632,2025-01-19 21:31:00,2025-01-19 21:35:00,4.0
633,2025-01-19 21:38:00,2025-01-19 21:39:00,1.0
634,2025-01-19 21:48:00,2025-01-19 21:50:00,2.0
635,2025-01-19 22:04:00,2025-01-19 22:05:00,1.0
636,2025-01-19 22:07:00,2025-01-19 22:18:00,11.0
637,2025-01-19 22:22:00,2025-01-19 22:32:00,10.0
638,2025-01-19 22:35:00,2025-01-19 22:44:00,9.0
639,2025-01-19 22:48:00,2025-01-19 22:54:00,6.0
640,2025-01-19 22:55:00,2025-01-19 22:59:00,4.0
641,2025-01-19 23:03:00,2025-01-19 23:05:00,2.0
642,2025-01-19 23:11:00,2025-01-19 23:16:00,5.0
643,2025-01-19 23:19:00,2025-01-19 23:22:00,3.0
644,2025-01-19 23:24:00,2025-01-19 23:34:00,10.0
645,2025-01-19 23:39:00,2025-01-19 23:48:00,9.0
646,2025-01-19 23:50:00,2025-01-19 23:52:00,2.0
647,2025-01-20 00:02:00,2025-01-20 00:11:00,9.0
648,2025-01-20 00:13:00,2025-01-20 00:25:00,12.0
649,2025-01-20 00:40:00,2025-01-20 00:43:00,3.0
650,2025-01-20 00:49:00,2025-01-20 01:02:00,13.0
651,2025-01-20 01:10:00,2025-01-20 01:15:00,5.0
652,2025-01-20 01:17:00,2025-01-20 01:23:00,6.0
653,2025-01-20 01:25:00,2025-01-20 01:30:00,5.0
654,2025-01-20 01:32:00,2025-01-20 01:37:00,5.0
655,2025-01-20 01:43:00,2025-01-20 02:02:00,19.0
656,2025-01-20 02:25:00,2025-01-20 02:35:00,10.0
657,2025-01-20 02:42:00,2025-01-20 02:52:00,10.0
658,2025-01-20 02:54:00,2025-01-20 02:56:00,2.0
659,2025-01-20 02:57:00,2025-01-20 03:18:00,21.0
660,2025-01-20 03:26:00,2025-01-20 03:29:00,3.0
661,2025-01-20 03:48:00,2025-01-20 03:52:00,4.0
662,2025-01-20 03:57:00,2025-01-20 03:59:00,2.0
663,2025-01-20 04:04:00,2025-01-20 04:48:00,44.0
664,2025-01-20 06:28:00,2025-01-20 06:30:00,2.0
665,2025-01-20 06:31:00,2025-01-20 06:55:00,24.0
666,2025-01-20 06:58:00,2025-01-20 07:06:00,8.0
667,2025-01-20 07:10:00,2025-01-20 07:12:00,2.0
668,2025-01-20 07:18:00,2025-01-20 07:28:00,10.0
669,2025-01-20 07:36:00,2025-01-20 07:38:00,2.0
670,2025-01-20 07:42:00,2025-01-20 08:03:00,21.0
671,2025-01-20 08:10:00,2025-01-20 08:32:00,22.0
672,2025-01-20 08:46:00,2025-01-20 09:07:00,21.0
673,2025-01-20 09:11:00,2025-01-20 09:15:00,4.0
674,2025-01-20 09:17:00,2025-01-20 09:23:00,6.0
675,2025-01-20 09:27:00,2025-01-20 09:36:00,9.0
676,2025-01-20 09:42:00,2025-01-20 09:52:00,10.0
677,2025-01-20 10:28:00,2025-01-20 10:41:00,13.0
678,2025-01-20 11:12:00,2025-01-20 11:21:00,9.0
679,2025-01-20 11:43:00,2025-01-20 12:05:00,22.0
680,2025-01-20 12:13:00,2025-01-20 12:15:00,2.0
681,2025-01-20 12:22:00,2025-01-20 12:27:00,5.0
682,2025-01-20 12:29:00,2025-01-20 12:32:00,3.0
683,2025-01-20 13:12:00,2025-01-20 13:16:00,4.0
684,2025-01-20 13:18:00,2025-01-20 13:21:00,3.0
685,2025-01-20 13:40:00,2025-01-20 13:46:00,6.0
686,2025-01-20 13:48:00,2025-01-20 13:54:00,6.0
687,2025-01-20 14:30:00,2025-01-20 14:51:00,21.0
688,2025-01-20 15:01:00,2025-01-20 15:05:00,4.0
689,2025-01-20 15:18:00,2025-01-20 15:19:00,1.0
690,2025-01-20 15:23:00,2025-01-20 15:36:00,13.0
691,2025-01-20 15:46:00,2025-01-20 15:50:00,4.0
692,2025-01-20 15:56:00,2025-01-20 16:22:00,26.0
693,2025-01-20 16:24:00,2025-01-20 16:31:00,7.0
694,2025-01-20 16:45:00,2025-01-20 16:47:00,2.0
695,2025-01-20 16:50:00,2025-01-20 17:11:00,21.0
696,2025-01-20 17:14:00,2025-01-20 17:15:00,1.0
697,2025-01-20 17:19:00,2025-01-20 17:22:00,3.0
698,2025-01-20 17:29:00,2025-01-20 17:43:00,14.0
699,2025-01-20 17:44:00,2025-01-20 17:46:00,2.0
700,2025-01-20 17:57:00,2025-01-20 18:00:00,3.0
701,2025-01-20 18:05:00,2025-01-20 18:09:00,4.0
702,2025-01-20 18:27:00,2025-01-20 18:31:00,4.0
703,2025-01-20 18:34:00,2025-01-20 18:46:00,12.0
704,2025-01-20 18:50:00,2025-01-20 18:56:00,6.0
705,2025-01-20 19:05:00,2025-01-20 19:11:00,6.0
706,2025-01-20 19:32:00,2025-01-20 19:37:00,5.0
707,2025-01-20 19:38:00,2025-01-20 19:46:00,8.0
708,2025-01-20 19:49:00,2025-01-20 19:50:00,1.0
709,2025-01-20 20:03:00,2025-01-20 20:15:00,12.0
710,2025-01-20 20:17:00,2025-01-20 20:18:00,1.0
711,2025-01-20 20:35:00,2025-01-20 20:45:00,10.0
712,2025-01-20 20:56:00,2025-01-20 21:21:00,25.0
713,2025-01-20 21:48:00,2025-01-20 21:54:00,6.0
714,2025-01-20 22:23:00,2025-01-20 22:25:00,2.0
715,2025-01-20 22:36:00,2025-01-20 22:41:00,5.0
716,2025-01-20 23:36:00,2025-01-20 23:50:00,14.0
717,2025-01-20 23:55:00,2025-01-20 23:56:00,1.0
718,2025-01-21 00:04:00,2025-01-21 00:05:00,1.0
719,2025-01-21 00:12:00,2025-01-21 00:17:00,5.0
720,2025-01-21 00:19:00,2025-01-21 00:21:00,2.0
721,2025-01-21 00:26:00,2025-01-21 00:36:00,10.0
722,2025-01-21 00:40:00,2025-01-21 00:48:00,8.0
723,2025-01-21 00:54:00,2025-01-21 01:08:00,14.0
724,2025-01-21 01:12:00,2025-01-21 01:19:00,7.0
725,2025-01-21 01:26:00,2025-01-21 01:27:00,1.0
726,2025-01-21 01:30:00,2025-01-21 01:42:00,12.0
727,2025-01-21 01:43:00,2025-01-21 01:45:00,2.0
728,2025-01-21 01:52:00,2025-01-21 02:27:00,35.0
729,2025-01-21 02:31:00,2025-01-21 02:35:00,4.0
730,2025-01-21 03:01:00,2025-01-21 03:10:00,9.0
731,2025-01-21 03:15:00,2025-01-21 03:21:00,6.0
732,2025-01-21 03:27:00,2025-01-21 03:40:00,13.0
733,2025-01-21 04:08:00,2025-01-21 04:18:00,10.0
734,2025-01-21 04:51:00,2025-01-21 05:01:00,10.0
735,2025-01-21 05:04:00,2025-01-21 05:06:00,2.0
736,2025-01-21 05:12:00,2025-01-21 06:03:00,51.0
737,2025-01-21 06:14:00,2025-01-21 06:15:00,1.0
738,2025-01-21 06:30:00,2025-01-21 06:56:00,26.0
739,2025-01-21 07:40:00,2025-01-21 08:12:00,32.0
740,2025-01-21 08:15:00,2025-01-21 08:16:00,1.0
741,2025-01-21 08:41:00,2025-01-21 08:50:00,9.0
742,2025-01-21 09:26:00,2025-01-21 09:30:00,4.0
743,2025-01-21 10:23:00,2025-01-21 10:52:00,29.0
744,2025-01-21 12:21:00,2025-01-21 12:33:00,12.0
745,2025-01-21 12:34:00,2025-01-21 13:21:00,47.0
746,2025-01-21 13:26:00,2025-01-21 14:05:00,39.0
747,2025-01-21 14:46:00,2025-01-21 14:48:00,2.0
748,2025-01-21 14:50:00,2025-01-21 14:52:00,2.0
749,2025-01-21 14:57:00,2025-01-21 15:05:00,8.0
750,2025-01-21 15:06:00,2025-01-21 15:08:00,2.0
751,2025-01-21 15:21:00,2025-01-21 15:41:00,20.0
752,2025-01-21 16:12:00,2025-01-21 16:15:00,3.0
753,2025-01-21 16:16:00,2025-01-21 16:21:00,5.0
754,2025-01-21 16:37:00,2025-01-21 16:39:00,2.0
755,2025-01-21 16:40:00,2025-01-21 17:16:00,36.0
756,2025-01-21 17:55:00,2025-01-21 18:08:00,13.0
757,2025-01-21 18:43:00,2025-01-21 18:48:00,5.0
758,2025-01-21 19:00:00,2025-01-21 19:09:00,9.0
759,2025-01-21 19:20:00,2025-01-21 19:24:00,4.0
760,2025-01-21 20:09:00,2025-01-21 20:16:00,7.0
761,2025-01-21 20:35:00,2025-01-21 20:37:00,2.0
762,2025-01-21 20:43:00,2025-01-21 20:50:00,7.0
763,2025-01-21 20:55:00,2025-01-21 21:01:00,6.0
764,2025-01-21 21:06:00,2025-01-21 21:10:00,4.0
765,2025-01-21 21:17:00,2025-01-21 22:05:00,48.0
766,2025-01-21 22:07:00,2025-01-21 22:32:00,25.0
767,2025-01-21 22:40:00,2025-01-21 23:11:00,31.0
768,2025-01-21 23:14:00,2025-01-21 23:19:00,5.0
769,2025-01-21 23:36:00,2025-01-22 00:17:00,41.0
770,2025-01-22 01:00:00,2025-01-22 01:05:00,5.0
771,2025-01-22 01:08:00,2025-01-22 05:06:00,238.0
772,2025-01-22 08:55:00,2025-01-22 10:06:00,71.0
773,2025-01-22 11:47:00,2025-01-22 11:53:00,6.0
774,2025-01-22 13:22:00,2025-01-22 14:04:00,42.0
775,2025-01-22 14:33:00,2025-01-22 14:34:00,1.0
776,2025-01-22 14:47:00,2025-01-22 14:56:00,9.0
777,2025-01-22 15:36:00,2025-01-22 15:40:00,4.0
778,2025-01-22 15:50:00,2025-01-22 15:54:00,4.0
779,2025-01-22 16:03:00,2025-01-22 16:07:00,4.0
780,2025-01-22 16:34:00,2025-01-22 18:12:00,98.0
781,2025-01-22 18:16:00,2025-01-22 19:21:00,65.0
782,2025-01-22 20:20:00,2025-01-22 20:32:00,12.0
783,2025-01-22 21:01:00,2025-01-22 22:36:00,95.0
784,2025-01-22 22:40:00,2025-01-23 00:07:00,87.0
785,2025-01-23 00:44:00,2025-01-23 01:12:00,28.0
786,2025-01-23 01:18:00,2025-01-23 02:11:00,53.0
787,2025-01-23 02:18:00,2025-01-23 02:41:00,23.0
788,2025-01-23 03:51:00,2025-01-23 04:26:00,35.0
789,2025-01-23 04:42:00,2025-01-23 05:37:00,55.0
790,2025-01-23 06:54:00,2025-01-23 10:05:00,191.0
791,2025-01-23 10:17:00,2025-01-23 10:47:00,30.0
792,2025-01-23 11:35:00,2025-01-23 11:55:00,20.0
793,2025-01-23 12:24:00,2025-01-23 13:06:00,42.0
794,2025-01-23 13:10:00,2025-01-23 13:32:00,22.0
795,2025-01-23 13:50:00,2025-01-23 13:51:00,1.0
796,2025-01-23 14:17:00,2025-01-23 14:22:00,5.0
797,2025-01-23 14:42:00,2025-01-23 14:59:00,17.0
798,2025-01-23 15:11:00,2025-01-23 15:30:00,19.0
799,2025-01-23 15:40:00,2025-01-23 15:48:00,8.0
800,2025-01-23 15:51:00,2025-01-23 15:59:00,8.0
801,2025-01-23 16:01:00,2025-01-23 16:15:00,14.0
802,2025-01-23 16:21:00,2025-01-23 16:33:00,12.0
803,2025-01-23 16:40:00,2025-01-23 16:45:00,5.0
804,2025-01-23 16:52:00,2025-01-23 16:55:00,3.0
805,2025-01-23 17:07:00,2025-01-23 17:08:00,1.0
806,2025-01-23 17:22:00,2025-01-23 17:27:00,5.0
807,2025-01-23 17:39:00,2025-01-23 17:51:00,12.0
808,2025-01-23 18:14:00,2025-01-23 18:45:00,31.0
809,2025-01-23 19:05:00,2025-01-23 19:27:00,22.0
810,2025-01-23 19:30:00,2025-01-23 19:32:00,2.0
811,2025-01-23 19:54:00,2025-01-23 20:05:00,11.0
812,2025-01-23 20:11:00,2025-01-23 20:12:00,1.0
813,2025-01-23 20:18:00,2025-01-23 20:25:00,7.0
814,2025-01-23 20:26:00,2025-01-23 20:32:00,6.0
815,2025-01-23 20:40:00,2025-01-23 20:43:00,3.0
816,2025-01-23 20:45:00,2025-01-23 20:57:00,12.0
817,2025-01-23 21:07:00,2025-01-23 21:10:00,3.0
818,2025-01-23 21:18:00,2025-01-23 21:26:00,8.0
819,2025-01-23 21:31:00,2025-01-23 22:11:00,40.0
820,2025-01-23 22:16:00,2025-01-23 22:24:00,8.0
821,2025-01-23 22:27:00,2025-01-23 22:31:00,4.0
822,2025-01-23 22:51:00,2025-01-24 00:24:00,93.0
823,2025-01-24 02:02:00,2025-01-24 02:12:00,10.0
824,2025-01-24 02:47:00,2025-01-24 03:30:00,43.0
825,2025-01-24 05:03:00,2025-01-24 05:21:00,18.0
826,2025-01-24 05:22:00,2025-01-24 06:00:00,38.0
827,2025-01-24 07:47:00,2025-01-24 08:16:00,29.0
828,2025-01-24 09:45:00,2025-01-24 10:29:00,44.0
829,2025-01-24 13:10:00,2025-01-24 13:25:00,15.0
830,2025-01-24 14:21:00,2025-01-24 14:22:00,1.0
831,2025-01-24 14:32:00,2025-01-24 14:44:00,12.0
832,2025-01-24 14:59:00,2025-01-24 15:05:00,6.0
833,2025-01-24 15:07:00,2025-01-24 15:10:00,3.0
834,2025-01-24 15:28:00,2025-01-24 15:40:00,12.0
835,2025-01-24 15:43:00,2025-01-24 16:02:00,19.0
836,2025-01-24 16:58:00,2025-01-24 17:35:00,37.0
837,2025-01-24 17:56:00,2025-01-24 18:17:00,21.0
838,2025-01-24 18:46:00,2025-01-24 18:52:00,6.0
839,2025-01-24 18:56:00,2025-01-24 20:23:00,87.0
840,2025-01-24 20:34:00,2025-01-24 21:08:00,34.0
841,2025-01-24 21:40:00,2025-01-24 22:07:00,27.0
842,2025-01-24 22:26:00,2025-01-25 00:02:00,96.0
843,2025-01-25 00:22:00,2025-01-25 00:34:00,12.0
844,2025-01-25 13:05:00,2025-01-25 15:14:00,129.0
845,2025-01-25 20:35:00,2025-01-26 01:34:00,299.0
846,2025-01-26 04:32:00,2025-01-26 23:11:00,1119.0
847,2025-01-26 23:17:00,2025-01-26 23:18:00,1.0
848,2025-01-26 23:22:00,2025-01-26 23:29:00,7.0
849,2025-01-26 23:53:00,2025-01-27 00:26:00,33.0
850,2025-01-27 00:28:00,2025-01-27 00:53:00,25.0
851,2025-01-27 00:58:00,2025-01-27 01:03:00,5.0
852,2025-01-27 01:37:00,2025-01-27 01:40:00,3.0
853,2025-01-27 02:02:00,2025-01-27 02:05:00,3.0
854,2025-01-27 02:07:00,2025-01-27 02:22:00,15.0
855,2025-01-27 02:33:00,2025-01-27 02:40:00,7.0
856,2025-01-27 02:42:00,2025-01-27 03:23:00,41.0
857,2025-01-27 05:04:00,2025-01-27 05:06:00,2.0
858,2025-01-27 05:31:00,2025-01-27 06:28:00,57.0
859,2025-01-27 06:30:00,2025-01-27 06:38:00,8.0
860,2025-01-27 06:46:00,2025-01-27 06:48:00,2.0
861,2025-01-27 06:49:00,2025-01-27 07:00:00,11.0
862,2025-01-27 07:01:00,2025-01-27 07:03:00,2.0
863,2025-01-27 07:20:00,2025-01-27 07:23:00,3.0
864,2025-01-27 07:29:00,2025-01-27 07:30:00,1.0
865,2025-01-27 07:32:00,2025-01-27 07:47:00,15.0
866,2025-01-27 07:58:00,2025-01-27 08:06:00,8.0
867,2025-01-27 08:40:00,2025-01-27 08:41:00,1.0
868,2025-01-27 08:53:00,2025-01-27 08:55:00,2.0
869,2025-01-27 10:04:00,2025-01-27 10:05:00,1.0
870,2025-01-27 10:43:00,2025-01-27 10:46:00,3.0
871,2025-01-27 11:05:00,2025-01-27 11:08:00,3.0
872,2025-01-27 11:25:00,2025-01-27 11:34:00,9.0
873,2025-01-27 12:14:00,2025-01-27 12:23:00,9.0
874,2025-01-27 12:28:00,2025-01-27 12:29:00,1.0
875,2025-01-27 12:57:00,2025-01-27 12:58:00,1.0
876,2025-01-27 13:11:00,2025-01-27 13:14:00,3.0
877,2025-01-27 13:36:00,2025-01-27 13:45:00,9.0
878,2025-01-27 13:47:00,2025-01-27 14:15:00,28.0
879,2025-01-27 14:24:00,2025-01-27 14:54:00,30.0
880,2025-01-27 15:03:00,2025-01-27 15:20:00,17.0
881,2025-01-27 15:32:00,2025-01-27 15:35:00,3.0
882,2025-01-27 15:51:00,2025-01-27 16:10:00,19.0
883,2025-01-27 16:27:00,2025-01-27 16:29:00,2.0
884,2025-01-27 16:38:00,2025-01-27 16:40:00,2.0
885,2025-01-27 17:01:00,2025-01-27 17:03:00,2.0
886,2025-01-27 17:08:00,2025-01-27 17:13:00,5.0
887,2025-01-27 17:21:00,2025-01-27 17:45:00,24.0
888,2025-01-27 18:06:00,2025-01-27 18:08:00,2.0
889,2025-01-27 18:18:00,2025-01-27 18:47:00,29.0
890,2025-01-27 18:50:00,2025-01-27 18:52:00,2.0
891,2025-01-27 18:56:00,2025-01-27 19:33:00,37.0
892,2025-01-27 19:55:00,2025-01-27 19:57:00,2.0
893,2025-01-27 20:49:00,2025-01-27 20:57:00,8.0
894,2025-01-27 20:59:00,2025-01-27 21:16:00,17.0
895,2025-01-27 21:24:00,2025-01-27 21:26:00,2.0
896,2025-01-27 21:43:00,2025-01-27 21:55:00,12.0
897,2025-01-27 22:31:00,2025-01-27 23:23:00,52.0
898,2025-01-27 23:44:00,2025-01-28 01:10:00,86.0
899,2025-01-28 01:28:00,2025-01-28 01:32:00,4.0
900,2025-01-28 02:50:00,2025-01-28 02:56:00,6.0
901,2025-01-28 03:57:00,2025-01-28 04:32:00,35.0
902,2025-01-28 05:57:00,2025-01-28 08:01:00,124.0
903,2025-01-28 08:31:00,2025-01-28 09:01:00,30.0
904,2025-01-28 12:19:00,2025-01-28 12:33:00,14.0
905,2025-01-28 14:05:00,2025-01-28 14:17:00,12.0
906,2025-01-28 14:31:00,2025-01-28 14:37:00,6.0
907,2025-01-28 14:46:00,2025-01-28 14:51:00,5.0
908,2025-01-28 15:10:00,2025-01-28 15:31:00,21.0
909,2025-01-28 15:38:00,2025-01-28 16:09:00,31.0
910,2025-01-28 16:25:00,2025-01-28 16:26:00,1.0
911,2025-01-28 16:52:00,2025-01-28 17:13:00,21.0
912,2025-01-28 18:16:00,2025-01-28 19:26:00,70.0
913,2025-01-28 20:43:00,2025-01-28 21:15:00,32.0
914,2025-01-28 21:25:00,2025-01-28 22:16:00,51.0
915,2025-01-28 22:20:00,2025-01-28 22:26:00,6.0
916,2025-01-28 23:00:00,2025-01-28 23:05:00,5.0
917,2025-01-28 23:10:00,2025-01-29 02:06:00,176.0
918,2025-01-29 02:07:00,2025-01-29 06:48:00,281.0
919,2025-01-29 08:31:00,2025-01-29 13:01:00,270.0
920,2025-01-29 13:22:00,2025-01-29 13:31:00,9.0
921,2025-01-29 13:32:00,2025-01-29 13:37:00,5.0
922,2025-01-29 13:39:00,2025-01-29 14:30:00,51.0
923,2025-01-29 14:37:00,2025-01-29 14:43:00,6.0
924,2025-01-29 15:12:00,2025-01-29 15:50:00,38.0
925,2025-01-29 16:07:00,2025-01-29 17:34:00,87.0
926,2025-01-29 18:37:00,2025-01-29 19:05:00,28.0
927,2025-01-29 19:11:00,2025-01-29 19:14:00,3.0
928,2025-01-29 19:18:00,2025-01-29 19:32:00,14.0
929,2025-01-29 19:43:00,2025-01-29 19:57:00,14.0
930,2025-01-29 20:13:00,2025-01-29 20:26:00,13.0
931,2025-01-29 20:36:00,2025-01-29 20:37:00,1.0
932,2025-01-29 20:40:00,2025-01-29 20:45:00,5.0
